Resolution - (600,900), Epochs-30, With background
bce: 0.015688, dice: 0.041350, loss: 0.028519, 
mIoU: 0.654512

mIOU classes, 
cls_1: 0.383603, 
cls_2: 0.509154, 
cls_3: 0.639563, 
cls_4: 0.832753, 
cls_5: 0.584162, 
cls_6: 0.663290, 
cls_7: 0.847468, 
cls_8: 0.764095, 
cls_9: 0.554701, 
cls_10: 0.578625